{"cameraMode":{"drawMode":0,"name":"Shaded","section":"Shading Mode"},"sceneLighting":true,"audioPlay":false,"sceneViewState":{"m_AlwaysRefresh":false,"showFog":true,"showSkybox":true,"showFlares":true,"showImageEffects":true,"showParticleSystems":true,"showVisualEffectGraphs":true,"m_FxEnabled":true},"in2DMode":false,"pivot":{"x":2.9335522651672365,"y":-3.0431578159332277,"z":-0.0858144760131836},"rotation":{"x":-0.02450677379965782,"y":0.9685849547386169,"z":-0.22353072464466096,"w":-0.10619092732667923},"size":7.784191608428955,"orthographic":false}